location,lon,lat
Aberdeen,-123.815722,46.975371
Acworth,-84.6768796,34.0659329
Addison village,-87.9889556,41.931696
Adelanto,-117.409215,34.5827699
Adrian,-84.0373054,41.8975152
Agawam Town,0,0
Agoura Hills,-118.7657042,34.14791
Aiken,-81.721952,33.5598586
Alabaster,-86.8163773,33.2442813
Alameda,-122.2416355,37.7652076
Alamogordo,-105.9603398,32.8997997
Albany,-73.754968,42.6511674
Albertville,-86.2088669,34.2675937
Alexandria,-92.4449087,31.311248
Algonquin village,-88.2942493,42.1655801
Alhambra,-118.12706,34.093042
Aliso Viejo,-117.7258122,33.5761376
Allen,-96.6705503,33.1031744
Allen Park,-83.2107671,42.2595071
Alliance,-81.1059309,40.9153362
Alpharetta,-84.2747329,34.0709576
Altamonte Springs,-81.376268613721,28.6649055
Alton,-90.1842764,38.8906038
Altoona,-78.394736,40.518681
Alvin,-95.2441009,29.4238472
American Fork,-111.7957645,40.3768954
Ames,-93.6170554,42.0267703
Anderson,-85.6802541,40.1053196
Andover,-71.1408776,42.65717
Ankeny,-93.6003837,41.7318715
Annapolis,-76.492786,38.9786401
Anniston,-85.8398422788233,33.695381
Apache Junction,-111.5495439,33.4150484
Apex town,0,0
Apopka,-81.5115214,28.6779683
Apple Valley,-93.21772,44.7319094
Apple Valley town,-92.3460511101383,45.424971
Appleton,-88.4067604,44.2611337
Arcadia,-118.0401497,34.1362075
Ardmore,-97.1436254,34.1742611
Arlington Heights village,-87.9802164,42.0811563
Arnold,-123.3936231,39.518771
Arvin,-118.828431,35.209129
Asheboro,-79.8136446,35.7079146
Asheville,-82.5540161,35.6009498
Ashland,-82.6379387,38.4784144
Atascadero,-120.6707255,35.4894169
Athens,-83.376398,33.9597677
Atlantic City,-74.4229351,39.3642852
Attleboro,-71.2806515,41.9438129
Atwater,-120.609084,37.3477174
Auburn,-85.4188030161554,32.5461135
Auburn Hills,-83.230937613002,42.6647495
Austin,-97.7436995,30.2711286
Aventura,-80.1428234,25.9653698
Avon,-106.471183807855,39.6329025
Avon Lake,-82.0185891,41.510029
Avondale,-112.3495572,33.4354989
Azusa,-117.9056046,34.1338751
Bainbridge Island,-122.5204513,47.6262626
Balch Springs,-96.6227714,32.7287413
Baldwin Park,-117.9611761,34.0854739
Ballwin,-90.5385549,38.5936028
Bangor,-68.7778138,44.8011821
Banning,-116.875289,33.9255685
Barberton,-81.6051221,41.012833
Barnstable Town,0,0
Barstow,-117.0172077,34.8957684
Bartlesville,-95.9782966,36.7494864
Bartlett,-88.1850028,41.9908485
Bartlett village,-88.1850028,41.9908485
Batavia,-88.3125738,41.8500284
Battle Creek,-85.1824269,42.3192548
Bay City,-95.969402,28.9827565
Bayonne,-74.1143091,40.6687141
Baytown,-94.9774274,29.7355047
Beaumont,-94.1018461,30.0860459
Beavercreek,-84.0632685,39.7092262
Beaverton,-122.8037804,45.4871723
Bedford,-86.4872149,38.8611619
Bell,-118.1866361,33.9747806
Bell Gardens,-118.1503953,33.9694561
Bella Vista town,0,0
Belleville,-89.9839935,38.5200504
Bellevue,-122.1923372,47.6144219
Bellflower,-118.1167679,33.8825705
Bellingham,-122.4788361,48.7544012
Belmont,-122.2758008,37.5202145
Beloit,-89.031784,42.5083272
Belton,-97.464453,31.0560132
Belvidere,-88.841734,42.2579991
Benbrook,-97.4605759,32.673188
Bend,-121.3153096,44.0581728
Benicia,-122.1585777,38.049365
Benton,-92.586828,34.5645372
Bentonville,-94.2088172,36.3728538
Bergenfield borough,0,0
Berwyn,-87.7936685,41.8505874
Bessemer,-86.9191832007722,33.3234935
Bethel Park municipality,0,0
Bethlehem,-75.3786521,40.6178915
Bettendorf,-90.5096386,41.5252761
Beverly,-70.8800491,42.5584284
Beverly Hills,-118.3963062,34.0696501
Biddeford,-70.4533844,43.4925843
Big Spring,-101.4787356,32.250398
Biloxi,-88.8853645,30.3960318
Binghamton,-75.914341,42.096968
Birmingham,-86.8024326,33.5206824
Bismarck,-100.783739,46.808327
Bixby,-95.8833235,35.9420431
Blacksburg town,0,0
Blaine,-93.2349489,45.1607987
Bloomingdale village,-77.0113652,38.9167782
Bloomington,-86.5342881,39.1670396
Blue Island,-87.677590627026,41.65530805
Blue Springs,-94.282265,39.017316
Blythe,-114.91206909773,33.5603938
Boca Raton,-80.0830984,26.3586885
Bolingbrook village,-88.0717708,41.7003302
Bonita Springs,-81.8211122,26.3525758
Bossier City,-93.651493587709,32.5066112
Bothell,-122.2068288,47.7598697
Bountiful,-111.8804817,40.8894611
Bowie,-76.731234,38.9429659
Bowling Green,-86.4436018,36.9903199
Boynton Beach,-80.0664309,26.5253491
Bozeman,-111.044675,45.679984
Bradenton,-82.5748194,27.4989278
Braintree Town,0,0
Brandon,-82.2859247,27.937801
Brawley,-115.515942508323,33.018515
Brea,-117.8888557,33.9170444
Bremerton,-122.6246836,47.5653663
Brentwood,-121.6960266,37.9317766
Bridgeton,-75.2340768,39.427337
Brighton,-104.8218074,39.9853731
Bristol,-72.9464859,41.6735209
Brockton,-71.0183787,42.0834335
Brookfield,-88.1064787,43.0605671
Brookings,-96.79844,44.311461
Brooklyn Center,-93.3296296,45.0748543
Brooklyn Park,-93.3443585,45.1004807
Broomfield,-105.0691464,39.9203827
Brownsburg town,0,0
Brunswick,-81.4914894,31.1499528
Bryan,-96.3699632,30.6743643
Buckeye town,0,0
Buena Park,-117.9962165,33.870413
Buffalo Grove village,-87.959794,42.1514146
Bullhead City,-114.5287143,35.1358413
Burbank,-118.3258554,34.1816482
Burien,-122.3485274,47.469918
Burleson,-97.3208492,32.5420821
Burlingame,-122.3660825,37.5841026
Burlington,-73.2135472,44.4762975
Burnsville,-93.2777226,44.7677424
Burton,-96.5955277,30.1821602
Butte-Silver Bow (balance),0,0
Cabot,-92.0165336,34.974532
Calabasas,-118.6440973,34.1446643
Caldwell,-116.6894156,43.6678736
Caledonia village,-77.8216366686213,42.9500464
Calexico,-115.498703,32.6790572
Calumet City,-87.5295837,41.616016
Camarillo,-119.0376573,34.2164099
Camas,-122.4122248,45.5911103
Camden,-75.1198911,39.9448402
Campbell,-121.9456328,37.2883259
Canton,-81.3784445,40.7989522
Cape Girardeau,-89.5181476,37.3058839
Carbondale,-89.216655,37.7274692
Carlsbad,-117.3505966,33.1580933
Carmel,-86.118731,39.9788383
Carol Stream village,-88.1347927,41.9125286
Carpentersville village,-88.2578582,42.1211364
Carrboro town,-79.0884648560784,35.9421938
Carrollton,-96.8902816,32.9537349
Carson,-118.2517547,33.8322043
Carson City,-119.7665825,39.1648969
Carteret borough,0,0
Casa Grande,-111.7736386,32.9109186
Casper,-106.313081,42.866632
Casselberry,-81.3237907473849,28.654276
Castle Rock town,0,0
Cathedral City,-116.4640765,33.7810031
Cedar City,-113.0618277,37.6774238
Cedar Falls,-92.4453179,42.5274123
Cedar Hill,-96.9553675,32.5888072
Cedar Park,-97.827833,30.5217116
Centerville,-95.978292,31.2579584
Central,-87.0091742,34.2248222
Ceres,-120.9577098,37.5949316
Cerritos,-118.0539323,33.8644291
Chambersburg borough,0,0
Champaign,-88.2433829,40.1164205
Champlin,-93.3974538,45.1888539
Chanhassen,-93.5307207,44.8618403
Chapel Hill town,0,0
Charleston,-79.9402728,32.7876012
Charlottesville,-84.8530123,39.5361624
Chaska,-93.6021791,44.7894072
Chelsea,-71.0328284,42.3917638
Chester,-75.3557458,39.849557
Chesterfield,-90.5643258,38.661953
Cheyenne,-104.820246,41.139981
Chicago Heights,-87.6357079,41.5062834
Chico,-121.8374777,39.7284945
Chicopee,-72.6078672,42.1487043
Chillicothe,-82.9824019,39.3331197
Chino,-117.690075,34.0133561
Chino Hills,-117.760056,33.9926803
Christiansburg town,0,0
Cicero town,-76.0633074619944,43.17921885
Citrus Heights,-121.2810611,38.7071247
Claremont,-117.7197785,34.0966764
Clarksville town,0,0
Clearfield,-78.4391876,41.0272796
Cleburne,-97.3866837,32.3476438
Clermont,-81.7342746958095,28.53876915
Cleveland,-81.6934446,41.5051613
Cleveland Heights,-81.556235,41.5200518
Cliffside Park borough,0,0
Clifton,-74.1637553,40.8584328
Clinton,-90.1887379,41.8444735
Clovis,-103.2050709,34.405472
Coachella,-116.176338,33.6795519
Coconut Creek,-80.1818079168887,26.2714628
Coeur d'Alene,-116.7811531,47.6742994
College Park,-76.9369189,38.980666
College Station,-96.3271538,30.6253463
Colleyville,-97.155012,32.8809603
Collierville town,0,0
Collinsville,-89.9845476,38.6703267
Colton,-117.3136547,34.0739016
Columbia,-81.0343313,34.0007493
Columbus,-83.0007065,39.9622601
Commerce City,-104.922045785116,39.8389525
Compton,-118.226624,33.894927
Concord,-71.537476,43.207178
Conroe,-95.4560512,30.3118769
Conway,-92.4421011,35.0886963
Cookeville,-85.4997057,36.1623886
Coon Rapids,-93.2884425,45.1198087
Cooper City,-80.2739081711305,26.04707855
Coppell,-96.9879246890422,32.95834275
Copperas Cove,-97.9468500552542,31.103623
Coral Gables,-80.235008979837,25.6905515
Corcoran,-119.5604015,36.098007
Corinth,-88.5222702,34.9342548
Cornelius town,0,0
Coronado,-117.1766947,32.6915199
Corsicana,-96.4646821,32.091299
Corvallis,-123.2620435,44.5645659
Cottage Grove,-92.9438218,44.8277446
Cottonwood Heights,-111.8102104,40.6196702
Council Bluffs,-95.8613912,41.2621283
Covina,-117.854865,34.1024
Covington,-84.508371,39.0836224
Cranston,-71.4371257,41.7809588
Crest Hill,-88.0986709,41.554753
Crestview,-86.5705084,30.7621326
Crown Point,-87.3653136,41.4169806
Crystal,-93.3593224,45.0375868
Crystal Lake,-88.3161965,42.2411344
Cudahy,-87.861471,42.959738
Culver City,-118.3964665,34.0211224
Cumberland,-78.762383,39.6526498
Cupertino,-122.0322895,37.3228934
Cutler Bay town,-90.2518694282657,44.02489615
Cuyahoga Falls,-81.4848086,41.1348213
Cypress,-118.0399368,33.8248235
Dalton,-84.9702475,34.7691867
Dana Point,-117.6981075,33.4669721
Danbury,-73.4540111,41.394817
Dania Beach,-80.1461239262723,26.05078395
Danville,-87.6304614,40.125222
Danville town,0,0
Daphne,-87.9036047,30.6035255
Darien,-73.4692873,41.0787079
Davie town,0,0
Davis,-121.7445835,38.545379
Daytona Beach,-81.0228331,29.2108147
De Pere,-88.0601086,44.4487476
Dearborn,-83.1763145,42.3222599
Dearborn Heights,-83.2732627,42.3369816
Decatur,-88.9524151,39.8454163
Deer Park,-95.1238204,29.7052284
Deerfield Beach,-80.0996306,26.318342
DeKalb,-88.7503647,41.9294736
Del City,-97.4408709,35.442007
Del Rio,-100.896761,29.3627296
DeLand,-81.3031098,29.028321300000002
Delano,-119.2470536,35.7688425
Delaware,-83.067965,40.2986724
Delray Beach,-80.0728201,26.4614625
Deltona,-81.2636738,28.9005446
Denison,-96.536658,33.7556593
Derby,-97.2689331,37.5455735
Des Moines,-93.6037149,41.5910641
Des Plaines,-87.8873916,42.0415823
Desert Hot Springs,-116.5016784,33.961124
DeSoto,-96.8656558116271,32.6060145
Diamond Bar,-117.8103367,34.0286226
Dinuba,-119.3870656,36.5432837
Dodge City,-100.0170787,37.7527982
Dolton village,-87.607268,41.6389236
Doral,-80.3539679130979,25.8184725
Dothan,-85.3933906,31.2237434
Douglasville,-84.7477136,33.7514966
Dover,-75.5243682,39.158168
Downers Grove village,-88.010376,41.7938195
Draper,-111.8638226,40.5246711
Duarte,-117.9772873,34.1394513
Dublin,-121.9357918,37.7021521
Dubuque,-90.6647967,42.5006217
Duluth,-92.1251218,46.7729322
Duncan,-97.9578129,34.5023029
Duncanville,-96.9083366,32.6518004
Dunedin,-82.7717684,28.0197404
Dunwoody,-84.3345306,33.9461513
Eagan,-93.1659179,44.818173
Eagle,-116.3540138,43.6954424
Eagle Mountain,-115.4872075,33.8575137
Eagle Pass,-100.4995214,28.7091433
Easley,-82.5817053,34.8269276
East Chicago,-87.4548466,41.6397857
East Lansing,-84.4852469,42.7355416
East Moline,-90.4411683,41.5155176
East Orange,-74.2048677,40.767323
East Palo Alto,-122.1410751,37.4688273
East Peoria,-89.5800978,40.666149
East Point,-84.4393724,33.6795531
East Providence,-71.3700545,41.8137116
East Ridge,-85.2519003,35.0142412
East St. Louis,-90.1509429,38.6244952
Easton,-75.2099866,40.6916081
Eastpointe,-82.9554746,42.4683698
Eastvale,-117.5598444,33.9766799
Eau Claire,-91.4984941,44.811349
Eden Prairie,-93.470786,44.8546856
Edgewater,-73.975694,40.8270448
Edina,-93.3501222,44.8897027
Edinburg,-98.1624501,26.3013982
Edmond,-97.4649038,35.6571367
Edmonds,-122.3774952,47.8105738
Edwardsville,-89.953157,38.8114364
El Centro,-115.5630514,32.792
El Cerrito,-122.301411,37.9154056
El Mirage,-117.6311675,34.6022132
El Paso de Robles (Paso Robles),-120.6912456,35.6267654
Elizabethtown,-85.8591285,37.693952
Elk Grove Village village,-87.9706457,42.0041236
Elk River,-93.5671825,45.3038538
Elkhart,-85.9766671,41.6819935
Elmhurst,-87.9403418,41.8994745
Elmira,-76.8077338,42.0897965
Elmwood Park village,-87.8160169,41.9205931
Elyria,-82.1065757,41.368251
Emporia,-96.181623,38.4040054
Encinitas,-117.2919818,33.0369867
Englewood,-104.9879641,39.6482059
Enid,-97.8791341,36.3967623
Enterprise,-85.8552161,31.3151708
Euclid,-81.5267873,41.5931049
Euless,-97.0667125149775,32.8465405
Eureka,-124.1636729,40.8020712
Evanston,-87.6930459,42.0447388
Everett,-122.2013998,47.9673056
Fair Lawn borough,0,0
Fairbanks,-147.716675,64.837845
Fairborn,-84.0193858,39.8208998
Fairfax,-77.3063733,38.8462236
Fairfield,-122.0399663,38.2493581
Fall River,-71.1546367,41.7010642
Faribault,-93.268827,44.2949637
Farmers Branch,-96.8961151,32.9265137
Farmington,-108.2054644,36.729067
Farmington Hills,-83.3771553,42.4853125
Farragut town,0,0
Fayetteville,-94.1574328,36.0625843
Federal Way,-122.3393103,47.313494
Ferguson,-90.3038975,38.744707
Ferndale,-124.263944,40.576241
Findlay,-83.6503982,41.0413873
Fishers town,0,0
Fitchburg,-71.8022956,42.5834228
Flagstaff,-111.6514259,35.199458
Florence,-87.677251,34.79981
Florence town,-79.3164073,36.0776378
Florissant,-90.3227803,38.7919683
Flower Mound town,-97.0969552,33.0145673
Folsom,-121.1760583,38.6779591
Fond du Lac,-88.4458033,43.7748763
Forest Grove,-123.1114405,45.5197452
Fort Dodge,-94.1680158,42.4974694
Fort Lee borough,0,0
Fort Myers,-81.8723084,26.640628
Fort Pierce,-80.3256056,27.4467056
Fort Smith,-94.4248983,35.3872218
Fort Walton Beach,-86.618842,30.4057552
Foster City,-122.2688522,37.5600336
Fountain,-104.645368120843,38.725168
Fountain Hills town,-111.7173613,33.6117105
Fountain Valley,-117.9627349,33.7038145
Frankfort,-84.8732836,38.2009055
Franklin,-86.8689365,35.925193
Franklin Town,-75.1151094308433,42.343549
Frederick,-77.4109269,39.4142186
Fredericksburg,-77.4605399,38.3031837
Freeport,-89.6212271,42.2966861
Freeport village,-89.6212271,42.2966861
Fremont,-121.9885719,37.5482697
Fridley,-93.2590388,45.0838291
Friendswood,-95.2010447,29.5293998
Gadsden,-85.9989596,34.010929
Gahanna,-82.8791363,40.0195625
Gainesville,-82.3249961,29.6519396
Gaithersburg,-77.2013705,39.1434406
Galesburg,-90.3705842,40.9479779
Gallatin,-86.4475898,36.3883031
Gallup,-108.7439489,35.5283573
Galt,-121.331037246621,38.3012325
Galveston,-94.7945882,29.299328
Garden City,-100.8726618,37.9716898
Garden City village,-84.9879875,32.4887533
Gardena,-118.3053037,33.8963593
Gardner,-71.998133,42.5750883
Garfield,-74.113198,40.8814882
Garfield Heights,-81.6059581,41.4169974
Garner town,0,0
Gary,-87.3371372,41.6021292
Gastonia,-81.1873005,35.262082
Geneva,-76.9786122,42.8690271
Georgetown,-84.5588311,38.2097967
Germantown,-75.1801775,40.0434449
Gillette,-105.501876,44.290635
Gilroy,-121.5631723,37.0065078
Gladstone,-94.5719748,39.2214765
Glen Cove,-73.6336094,40.862755
Glen Ellyn village,-88.0670118,41.8775293
Glendale Heights village,-88.0717353,41.9103068
Glendora,-117.865339,34.1361187
Glenview village,-87.8114044,42.0700662
Gloucester,-70.6619888,42.6159286
Golden Valley,-93.3585273,45.0020097
Goldsboro,-77.9927651,35.3848841
Goleta,-119.8276389,34.4358295
Goodyear,-112.3576005,33.4353672
Goose Creek,-80.0387292,32.9961038
Goshen,-85.834366,41.5824086
Grand Forks,-97.0592028,47.9078244
Grand Island,-98.338685,40.924271
Grand Junction,-108.5507317,39.063956
Grandview,-119.9017049,46.2509653
Granite City,-90.1487199,38.7014389
Grants Pass,-123.3272489,42.4393707
Grapevine,-97.0780654,32.9342919
Grayslake village,-88.0412192,42.3433518
Great Falls,-111.2918908,47.5048851
Greeley,-104.7091322,40.4233142
Green,-81.4670631,40.9468077
Greenacres,-119.1098266,35.3832927
Greenbelt,-76.8756838,39.004607
Greenfield,-72.6006199,42.5877962
Greenville,-82.3984882,34.851354
Greenwood,-90.1795281,33.5162315
Greer,-82.2272119,34.9381361
Griffin,-84.2640904,33.2467807
Grove City,-83.0929645,39.8814519
Gulfport,-89.0928155,30.3674198
Gurnee village,-87.9020186,42.3702996
Hackensack,-74.0434736,40.8859326
Hagerstown,-77.7202641,39.6419219
Haines City,-81.6386976643913,28.126625
Hallandale Beach,-80.1399967146433,25.9856006
Haltom City,-97.2691817,32.7995738
Hamilton,-84.5613428,39.3995067
Hammond,-87.500043,41.5833658
Hamtramck,-83.0496438,42.3928151
Hanford,-119.6456844,36.3274502
Hanover Park village,-88.1450735,41.9994722
Harker Heights,-97.6590473,31.0746347
Harlingen,-97.6959794,26.1908241
Harrisburg,-76.8861122,40.2663107
Harrison village,-78.8688833,38.4493315
Harrisonburg,-78.8688833,38.4493315
Harvey,-87.6467132,41.6100344
Hastings,-92.8518697,44.7426933
Hattiesburg,-89.2903392,31.3271189
Havelock,-76.9014457,34.8785
Haverhill,-71.0767724,42.7777829
Hawthorne,-118.3483256,33.9188589
Hays,-99.3267702,38.8791783
Hazelwood,-90.3540562,38.7861633
Hazleton,-75.9852789,40.9646867
Helena,-112.036109,46.592712
Hemet,-117.035766636246,33.778562
Hempstead village,-96.0806548,30.0929491
Henderson,-114.9819235,36.0391456
Hendersonville,-82.4609528,35.3187279
Hercules,-122.2885808,38.0171441
Herndon town,0,0
Herriman,-112.0328198,40.5140894
Hesperia,-117.3008784,34.4263886
Hialeah Gardens,-80.3641742881597,25.8906709
Hickory,-81.3442915,35.7333312
Highland,-87.451984,41.5536469
Highland Park,-87.8003438,42.1816919
Highland town,-74.8844278724708,41.5377975
Hilliard,-83.1596108,40.033814
Hillsboro,-122.989827,45.5228939
Hilton Head Island town,0,0
Hinesville,-81.5960354,31.8477298
Hobart,-87.2550353,41.5322592
Hobbs,-103.1360403,32.7026116
Hoboken,-74.0323752,40.7433066
Hoffman Estates village,-88.079871,42.0426639
Holladay,-111.8246557,40.6688363
Holland,-86.1090828,42.7876022
Hollister,-121.4016021,36.8524545
Holly Springs town,-78.782496865355,35.6554406
Holyoke,-72.6155062,42.2045965
Homer Glen village,-87.9381112,41.600031799999996
Homestead,-80.4759905,25.4718946
Homewood,-86.8008228,33.4717732
Hoover,-86.7743342378173,33.351315
Hopewell,-79.4639158,36.7468036
Hopkinsville,-87.4889532,36.8657651
Horn Lake,-90.0348139,34.9553719
Hot Springs,-93.0552437,34.5038393
Houma,-90.7195348,29.5957696
Huber Heights,-84.1113629536469,39.85902405
Hudson,-73.790959,42.2528649
Huntersville town,0,0
Huntington,-82.445154,38.4192496
Huntington Park,-118.2120343,33.9827043
Huntley village,-88.42692,42.1722503
Huntsville,-86.4418197139765,34.6686435
Hurst,-97.1705678,32.8234621
Hutchinson,-97.9297743,38.0608444
Idaho Falls,-112.0400919,43.4935245
Imperial Beach,-117.1130849,32.5839444
Independence,-95.7083131,37.2242358
Indian Trail town,-74.2752681926203,43.78631545
Indio,-116.2188054,33.7192808
Inkster,-83.3099303,42.2942045
Inver Grove Heights,-93.0428119,44.8479039
Iowa City,-91.5299106,41.6612561
Issaquah,-122.0432974,47.5348778
Ithaca,-76.4968019,42.4396039
Jackson,-90.1847691,32.2990384
Jacksonville Beach,-81.3931396,30.2946859
Jacksonville,-81.655651,30.3321838
Jamestown,-79.2353259,42.0970023
Janesville,-89.0226793,42.6829765
Jefferson City,-92.1724265,38.577359
Jeffersontown,-85.5644033,38.1942356
Jeffersonville,-85.7371604,38.2770227
Johns Creek,-84.198579,34.0289259
Johnson City,-82.3534728,36.3134398
Johnstown,-78.9219698,40.3267407
Jonesboro,-90.7034522,35.8428646
Joplin,-94.51323,37.08418
Junction City,-96.8313978,39.0286093
Juneau and borough,0,0
Jupiter town,0,0
Jurupa Valley,-117.4515754,33.9798472
Kalamazoo,-85.5872286,42.291707
Kalispell,-114.3167117,48.2022563
Kankakee,-87.8611531,41.1200325
Kannapolis,-80.621438,35.4874708
Kaysville,-111.9383931,41.0349847
Kearney,-99.081858,40.699478
Kearny town,0,0
Keene,-72.2784264,42.933597
Keizer,-123.0266267,44.9969
Keller,-75.7638185,37.6192992
Kenmore,-122.2440148,47.7573202
Kenner,-90.2417806,29.9942265
Kennesaw,-84.6154897,34.0234337
Kennewick,-119.1202072,46.2083948
Kent,-81.357886,41.1536674
Kentwood,-85.6447492,42.8694731
Kernersville town,0,0
Kerrville,-99.1438868,30.0533834
Kettering,-84.1688274,39.6895036
Key West,-78.4408438,38.0573603
Kingman,-114.0530065,35.189443
Kingsport,-82.5594293,36.550238
Kingston,-74.0023702,41.9287812
Kingsville,-97.856109,27.5158689
Kinston,-77.5816353,35.2626635
Kirkland,-122.1920249,47.6859573
Kirkwood,-90.4069177,38.5800713
Kiryas Joel village,-74.1679241,41.3420393
Kissimmee,-81.4075838,28.2918995
Klamath Falls,-121.7816704,42.224867
Kokomo,-86.1336351,40.4864444
Kyle,-97.8772103,29.9892928
La Cañada Flintridge,-118.2005236,34.1998302
La Crosse,-91.2395429,43.8014053
La Habra,-117.944777,33.9330156
La Mesa,-111.8314773,33.4151117
La Mirada,-118.0107092,33.9060971
La Porte,-86.7225227,41.6105983
La Puente,-117.9503677,34.01979
La Quinta,-116.2958789,33.677474
La Vergne,-86.5819394,36.0156178
La Verne,-117.7678355,34.1008426
Lacey,-122.8072257,47.0263876
Lafayette,-92.0198427,30.2240897
LaGrange,-85.0313269,33.039291
Laguna Beach,-117.7853665,33.5426975
Laguna Hills,-117.6882067,33.5948758
Laguna Niguel,-117.7075526,33.5225261
Lake Charles,-93.2173759,30.2265949
Lake Elsinore,-117.3272615,33.6680772
Lake Forest,-87.840625,42.2586342
Lake Havasu City,-114.3224495,34.4838502
Lake in the Hills village,-88.3303618,42.1816908
Lake Jackson,-95.4343859,29.0338575
Lake Oswego,-122.6706498,45.4206749
Lake Stevens,-122.0660914,48.0197794
Lake Worth,-97.44502,32.8048507
Lakeland,-81.9498042,28.0394654
Lakeville,-93.2432791,44.650051
Lakewood,-105.084204002224,39.6246085
Lancaster,-76.3056686,40.03813
Lansing village,-84.5553805,42.7337712
Laramie,-105.591101,41.311367
Largo,-82.7873244,27.9094665
Lauderdale Lakes,-80.2085565,26.1667184
Lauderhill,-80.2250676923256,26.1567308
Laurel,-76.8483061,39.0992752
Lawndale,-118.3531991,33.8885217
Lawrence,-95.2359496,38.9719384
Lawrenceville,-83.9879625,33.9562149
Lawton,-98.3903305,34.6086854
Layton,-111.9741925,41.0751048
League City,-95.0949303,29.5074538
Leander,-97.8444364,30.5586046
Leavenworth,-94.922759,39.3113257
Leawood,-94.6169012,38.966673
Lebanon,-76.4233816,40.3429683
Lee's Summit,-94.3821295,38.9107156
Leesburg,-77.5645446,39.1154496
Leesburg town,0,0
Lehi,-111.8491619,40.3880902
Lemon Grove,-117.0314172,32.7425516
Lemoore,-119.7827122,36.3006495
Lenexa,-94.7845837,38.9697458
Leominster,-71.759794,42.5250906
Lewiston,-70.2147764,44.100351
Lewisville,-96.994174,33.046233
Liberal,-100.920999,37.0430812
Liberty,-94.419079,39.246479
Libertyville village,-87.9531303,42.2830786
Lima,-84.1052256,40.742551
Lincoln,-96.667821,40.8
Lincoln Park,-83.1785361,42.2505943
Linden,-94.3654707,33.0123537
Lindenhurst village,-73.3734547,40.6867667
Lino Lakes,-93.0888324,45.1602442
Lisle village,-76.049360343927,42.3621506
Little Elm,-96.9375051,33.1626194
Littleton,-105.0166498,39.613321
Livermore,-121.7680531,37.6820583
Livonia,-83.3527097,42.36837
Lockport,-78.6929557832681,43.168863
Lodi borough,0,0
Lodi,-121.2724473,38.1301968
Logan,-111.8348631,41.7313447
Loma Linda,-117.245860115332,34.0754931
Lombard village,-104.5449727,38.2250033
Lomita,-118.3195014,33.8036545
Lompoc,-120.4579409,34.6391501
Long Beach,-118.1916048,33.7690164
Long Branch,-73.9923596,40.3042778
Longmont,-105.1019287,40.1672117
Longview,-94.7404891,32.5007038
Lorain,-82.1781904,41.4673238
Los Altos,-122.116578,37.3790629
Los Banos,-120.8505342,37.0592253
Los Gatos town,0,0
Loveland,-105.04436132095,40.385549
Loves Park,-89.0614954,42.3130746
Lufkin,-94.7288558,31.3386242
Lumberton,-79.0083993,34.6183433
Lynchburg,-79.1422464,37.4137536
Lynn,-70.9494939,42.466763
Lynnwood,-122.3053932,47.8278656
Lynwood,-118.2114933,33.9303225
Machesney Park village,-89.0389956,42.3472406
Macon,-83.6324022,32.8406946
Madera,-120.171438178571,36.9418115
Madison,-89.3837613,43.074761
Madison Heights,-83.1052028,42.4858692
Malden,-71.066163,42.4250964
Manassas,-77.4752667,38.7509488
Manhattan Beach,-118.3951241,33.8915985
Manhattan,-73.9598939,40.7896239
Manitowoc,-87.6575841,44.0886059
Mankato,-93.9993505,44.1634663
Mansfield,-82.5154471,40.75839
Manteca,-121.2117148,37.7986184
Maple Grove,-93.4561052,45.0759797
Maple Heights,-81.565956,41.4153313
Maple Valley,-122.0437127,47.3664231
Maplewood,-92.9953373,44.9533351
Marana town,0,0
Margate,-80.214147808637,26.242509
Maricopa,-119.4009509,35.058858
Marietta,-84.5496148,33.9528472
Marina,-121.800639830262,36.6900785
Marion,-88.9331256,37.7306054
Marlborough,-71.5522874,42.3459271
Marquette,-87.396433,46.5434914
Marshall,-92.6312746,35.9089643
Marshalltown,-92.9123388,42.0442545
Martinez,-122.1338674,38.0138934
Maryland Heights,-90.435999,38.7150511
Marysville,-121.5913516,39.1457247
Maryville,-94.8724707,40.3461017
Mason City,-93.2010367,43.1535728
Mason,-99.2333876,30.7468747
Massillon,-81.5215093,40.7967244
Matthews town,0,0
Mauldin,-82.310119,34.77873
Maywood,-118.185349,33.9866807
Maywood village,-118.185349,33.9866807
McDonough,-84.1468616,33.4473361
McHenry,-88.2674875,42.3431427
McMinnville,-123.194463,45.2100367
Medford,-122.8718605,42.3264181
Medina,-81.8637474,41.1383878
Melbourne,-80.6081089,28.0836269
Melrose,-71.064182,42.4564323
Melrose Park village,-87.8567277,41.9005865
Menifee,-117.1770437,33.6864432
Menlo Park,-122.1779927,37.4519671
Menomonee Falls village,-88.1167148,43.1789322
Mentor,-81.339552,41.6661573
Mequon,-87.9822969,43.2219088
Merced,-120.4843269,37.3029568
Mercer Island,-122.2276378,47.5766324
Meriden,-72.8070435,41.5381535
Meridian,-88.703656,32.3643098
Merrillville town,0,0
Methuen Town,0,0
Miami Beach,-80.1353006,25.7929198
Miami Lakes town,0,0
Miamisburg,-84.2866083,39.6428362
Michigan City,-86.8950297,41.7075394
Middletown,-72.6509061,41.5623178
Midland,-102.0779482,31.9973662
Midvale,-111.8999353,40.6110589
Midwest City,-97.3967025,35.4495097
Milford (balance),-73.0570603,41.2222218
Millbrae,-122.3871942,37.5985468
Millville,-75.0393368,39.4020593
Milpitas,-121.9066238,37.4282724
Milton,-71.065573,42.2501425
Milwaukie,-122.6392889,45.4453901
Minnetonka,-93.499059,44.9127229
Minot,-101.296273,48.23251
Mint Hill town,0,0
Mishawaka,-86.1586156,41.6619927
Mission,-98.3252932,26.2159066
Mission Viejo,-117.659405,33.5965685
Missoula,-113.9952796,46.8700801
Missouri City,-95.5377215,29.6185669
Moline,-90.5151342,41.5067003
Monroe,-92.1193012,32.5093109
Monroeville municipality,0,0
Monrovia,-118.0014517,34.1483499
Montclair,-74.2210643,40.8164458
Montebello,-118.111975,34.0159398
Monterey,-121.8946388,36.600256
Monterey Park,-118.129807,34.051522
Moore,-97.4867045,35.3395135
Mooresville town,0,0
Moorhead,-96.7538674,46.8739081
Moorpark,-118.8820414,34.285558
Morgan Hill,-121.6544974,37.130408
Morgantown,-79.9559437,39.6296809
Morristown,-74.4809492,40.7970384
Morrisville town,0,0
Morton Grove village,-87.7825696,42.0405857
Moscow,-117.0001651,46.7323875
Moses Lake,-119.2780771,47.1301417
Mount Juliet,-86.5186054,36.200055
Mount Pleasant,-73.8157521128448,41.116714
Mount Pleasant town,-73.8037861574582,41.7682925
Mount Pleasant village,-73.8157521128448,41.116714
Mount Prospect village,-119.749660741641,39.4280979
Mount Vernon,-88.9031201,38.3172715
Mountain Brook,-86.7521871,33.5007468
Mountain View,-122.0832101,37.3893889
Mountlake Terrace,-122.3066395,47.7909667
Mukilteo,-122.3036992,47.9474034
Muncie,-85.3865271,40.1936892
Mundelein village,-88.0039653,42.263079
Munster town,0,0
Murray,-88.314761,36.6103334
Murrysville municipality,0,0
Muscatine,-91.0432051,41.424473
Muskego,-88.1389779,42.905848
Muskegon,-86.2483921,43.2341813
Muskogee,-95.3696909,35.7478769
Myrtle Beach,-78.8900409,33.6956461
Nacogdoches,-94.6554874,31.6035129
Nampa,-116.5596313,43.5737361
Napa,-122.2855293,38.2971367
Naples,-81.7942944,26.1421976
Nashua,-71.467566,42.7653662
National City,-117.0991967,32.6781085
Naugatuck borough,0,0
Neenah,-88.462609,44.1858193
New Albany,-85.8241312,38.2856247
New Bedford,-70.934205,41.6362152
New Berlin,-88.1090391,42.976453
New Bern,-77.0441143,35.1084931
New Braunfels,-98.1257348,29.7028266
New Brighton,-93.2060969,45.0628999
New Britain,-72.7795419,41.6612104
New Brunswick,-74.4518173,40.4862174
New Castle,-80.3471856,40.9999202
New Hope,-93.3866185,45.0380201
New Iberia,-91.8187285,30.0035365
New Lenox village,0,0
New London,-72.0997804,41.3556187
New Rochelle,-73.7826363,40.9115386
New Smyrna Beach,-80.9269984,29.0258191
Newark,-74.1723667,40.735657
Newberg,-122.9725418,45.300596
Newburgh,-74.0104179,41.5034271
Newnan,-84.7996573,33.3806716
Newport Beach,-117.9294401,33.6170092
Newport,-71.3137707,41.4899827
Newton,-71.2092214,42.3370414
Niagara Falls,-79.0614686,43.08436
Nicholasville,-84.5729961,37.8806341
Niles village,-87.8122348,42.0289319
Noblesville,-86.0085955,40.0455918
Nogales,-110.9360818,31.3402134
Norco,-117.5508901,33.9323307
Norfolk,-76.2929252,36.8462923
Normal town,0,0
Norristown borough,0,0
North Augusta,-81.9651153,33.5018026
North Chicago,-87.8411818,42.325578
North Lauderdale,-80.2258811,26.217305
North Little Rock,-92.2670941,34.769536
North Miami Beach,-80.1625463,25.9331488
North Miami,-80.1750695501309,25.90560775
North Olmsted,-81.9234726,41.4156025
North Plainfield borough,0,0
North Platte,-100.7654232,41.1238873
North Port,-82.2359254,27.044224
North Richland Hills,-97.2289029,32.8342952
North Ridgeville,-82.0190321,41.3894905
North Royalton,-81.7245739,41.3136644
North Tonawanda,-78.8642034,43.038668
Northampton,-72.6306344,42.3190227
Northbrook village,-87.8299476,42.1299234
Northfield,-93.161159,44.4582041
Northglenn,-104.9875529,39.9100858
Northport,-73.3420169301887,40.9040576
Norton Shores,-86.2639461,43.1689044
Norwalk,-73.4078968,41.1175966
Norwich,-72.0759105,41.5242649
Novato,-122.5681191,38.1061979
Novi,-83.4754913,42.48059
Oak Creek,-87.8631362,42.8858503
Oak Forest,-87.7439384,41.6028116
Oak Harbor,-122.6432245,48.2931559
Oak Lawn village,-87.7581081,41.7108662
Oak Park,-87.7887615,41.8878145
Oak Park village,-121.0749603,38.6578129
Oak Ridge,-84.2696449,36.0103562
Oakdale,-92.9649361,44.9630216
Oakland Park,-80.1372005954837,26.1801443
Oakley,-121.7124536,37.9974219
Ocala,-82.1400923,29.1871986
Ocoee,-81.5448362389682,28.537782
O'Fallon,-89.9112124,38.5922715
Ogden,-111.9738429,41.2230048
Olive Branch,-89.8295315,34.9617605
Olympia,-122.8950075,47.0451022
Opelika,-85.3924930459184,32.72667
Oregon City,-122.6067583,45.3573429
Oregon,-89.3842779,42.9259657
Orem,-111.694943,40.2971825
Orland Park village,-87.8557225152143,41.6026865
Ormond Beach,-81.0557921,29.2854132
Oro Valley town,0,0
Oshkosh,-88.5408574,44.0206919
Ossining village,-73.8628247104104,41.1606855
Oswego village,0,0
Ottumwa,-92.4112963,41.0200145
Oviedo,-81.2046904649668,28.6593925
Owasso,-95.8549456,36.2661536
Owatonna,-93.2261076,44.0839937
Owensboro,-87.1133304,37.7742152
Oxford,-75.9790215,39.7852062
Pacifica,-122.4869194,37.6138253
Paducah,-88.6000478,37.0833893
Palatine village,-88.0336888,42.1105779
Palm Beach Gardens,-80.1359069466668,26.8418256
Palm Coast,-81.2207673,29.5541432
Palm Desert,-116.3825711,33.7288179
Palm Springs,-116.540303,33.8246269
Palm Springs village,-116.540303,33.8246269
Palmetto Bay village,-80.3209961355353,25.622042
Palo Alto,-122.1598465,37.4443293
Panama City,-85.6545729,30.1600827
Papillion,-96.0422378,41.1544433
Paradise town,-111.9505123,33.5324295
Paragould,-90.4973286,36.0584021
Paramount,-118.171005,33.898917
Paramus borough,0,0
Paris,-93.7299173,35.2920325
Park Forest village,0,0
Park Ridge,-87.8406192,42.0111412
Parker town,0,0
Parkersburg,-81.5506916,39.2699565
Parkland,-80.23727,26.3100794
Parma,-81.7355692,41.3822398
Parma Heights,-81.7595769,41.3900518
Pascagoula,-88.5585995,30.3646795
Pasco,-119.0921006,46.2306739
Passaic,-74.1284764,40.8567663
Patterson,-121.1296949,37.471623
Pawtucket,-71.3825558,41.878711
Peabody,-70.9286609,42.5278731
Peachtree City,-84.5957629,33.3967829
Pearl,-90.1320311,32.2745912
Pearland,-95.2864299,29.5639758
Peekskill,-73.9204922,41.289811
Pekin,-89.623029648115,40.5721875
Pelham,-71.3245067,42.734534
Pensacola,-87.2169149,30.421309
Perris,-117.2286478,33.7825194
Perrysburg,-83.6279321,41.5571178
Perth Amboy,-74.2654234,40.5067723
Petaluma,-122.606122413043,38.270022
Petersburg,-132.95547,56.8127965
Pflugerville,-97.6200043,30.4393696
Pharr,-98.1836216,26.1947962
Phenix City,-85.0007653,32.4709761
Pico Rivera,-118.096735,33.9830688
Pine Bluff,-92.0031955,34.2284312
Pinellas Park,-82.7043783401824,27.8599115
Piqua,-84.2424449,40.1447732
Pittsburg,-79.9900861,40.4416941
Pittsfield,-73.2453785,42.4500967
Placentia,-117.8617337,33.8714814
Plainfield,-88.2039539,41.6269745
Plainfield town,-75.1848867020786,42.8327845
Plainfield village,-71.9222428336418,41.67650655
Plainview,-101.7068417,34.1847936
Plant City,-82.1184819850713,28.01806015
Plantation,-80.257861237651,26.1265258
Pleasant Grove,-111.73854,40.3641184
Pleasant Hill,-122.0607963,37.9479786
Pleasant Prairie village,-87.8533517,42.5273197
Pleasanton,-121.8746789,37.6624312
Pleasantville,-73.7926335,41.1328736
Plum borough,0,0
Plymouth,-70.6673851,41.9583799
Pocatello,-112.4401098,42.8688613
Ponca City,-97.0667341,36.7267431
Pontiac,-88.6297839,40.8808666
Pooler,-81.2532118,32.1046956
Port Arthur,-93.9287815,29.8988258
Port Chester village,-73.6656834,41.0017643
Port Hueneme,-119.1951074,34.1477829
Port Huron,-82.440466,42.9815877
Port Orange,-81.0105961760805,29.10162805
Portage,-87.1761455,41.5758708
Porterville,-119.0167679,36.06523
Portland,-122.6741949,45.5202471
Portsmouth,-70.7625532,43.0717552
Post Falls,-116.9480877,47.7110106
Pottstown borough,0,0
Poughkeepsie,-73.9284101,41.7065779
Poway,-117.0358646,32.9628234
Prairie Village,-94.6332768,38.9914109
Prattville,-86.4596966,32.4640245
Prescott,-112.4687616,34.5399962
Prescott Valley town,0,0
Prichard,-88.0788889,30.7387998
Prior Lake,-93.4226873,44.7133271
Pullman,-117.173895,46.7304268
Puyallup,-122.2921406,47.1849009
Queen Creek town,-111.6341585,33.2483858
Quincy,-91.4098727,39.9356016
Racine,-87.7825242,42.7260523
Radcliff,-85.9491298,37.8403456
Rahway,-74.2776468,40.6081591
Ramsey,-93.45,45.2611
Rancho Cordova,-121.302728,38.5890723
Rancho Palos Verdes,-118.3707683,33.7483311
Rancho Santa Margarita,-117.6029341,33.6408845
Rapid City,-103.228006,44.081176
Raytown,-94.4630468,39.0168425
Reading,-75.9279495,40.335345
Redding,-122.3916754,40.5863563
Redlands,-117.1888961,34.055735
Redmond,-122.1238767,47.6694141
Redondo Beach,-118.3886766,33.8455911
Redwood City,-122.2325233,37.4863239
Reedley,-119.450270101581,36.5969275
Renton,-122.2034496,47.4799078
Revere,-71.0119948,42.4084302
Rexburg,-111.7870222,43.8235163
Reynoldsburg,-82.8121191,39.9547861
Richfield,-93.2877877,44.8766431
Richland,-119.2769067,46.2778406
Richmond,-77.43428,37.5385087
Ridgecrest,-117.6699414,35.6225064
Ridgeland,-90.1323087,32.4284761
Ridgewood village,-85.5235613,32.586246
Rio Rancho,-106.6644716,35.233375
Riverbank,-120.9354895,37.7360396
Riverside,-117.3961623,33.9533546
Riverton,-108.380727,43.0247245
Riviera Beach,-80.0580969,26.7753405
Roanoke,-79.9414313,37.270973
Rochester,-77.615214,43.157285
Rochester Hills,-83.1499322,42.6583661
Rock Hill,-81.0250784,34.9248667
Rock Island,-90.5787477,41.5094771
Rock Springs,-109.2047867,41.5869225
Rockledge,-80.7242189017856,28.3137515
Rocklin,-121.2357828,38.7907339
Rockville Centre village,-73.6450664,40.6574186
Rockville,-77.1527573,39.0840054
Rockwall,-96.4597089,32.9312336
Rocky Mount,-77.7956949,35.9423833
Rocky River,-81.8393034,41.4756031
Rogers,-94.1185366,36.3320197
Rohnert Park,-122.7010984,38.3396367
Rolling Meadows,-88.0131275,42.0841936
Rome,-85.1646726,34.257038
Romeoville village,-88.0895061,41.6475306
Romulus,-83.3965995,42.2222614
Roseburg,-123.3417381,43.216505
Roselle borough,0,0
Roselle village,-88.0797933,41.9847505
Rosemead,-118.0879763,34.0676169
Rosemount,-93.12611,44.7391873
Rosenberg,-95.8085623,29.5571825
Roseville,-121.2880059,38.7521235
Roswell,-104.5229518,33.3943282
Round Lake Beach village,-88.0900806,42.3716881
Rowlett,-96.56388,32.9029017
Roy,-112.0261903,41.1617999
Royal Oak,-83.1446485,42.4894801
Royal Palm Beach village,-80.223384228483,26.7017553
Russellville,-93.1337856,35.2784173
Ruston,-92.637927,32.5232053
Saginaw,-83.9490365,43.4200387
Sahuarita town,0,0
Salem,-123.033121,44.9391565
Salina,-97.6114237,38.8402805
Salisbury,-80.4742261,35.6709727
Sammamish,-122.040950415007,47.60558
San Angelo,-100.4398442,31.4648357
San Benito,-97.630791,26.1326237
San Bruno,-122.4110835,37.6304904
San Carlos,-122.2618236,37.504936
San Clemente,-117.6124179,33.4270275
San Dimas,-117.8067257,34.1066756
San Fernando,-118.437652,34.28497
San Gabriel,-118.1086041,34.0991325
San Jacinto,-116.9589086,33.7839664
San Juan Capistrano,-117.6625509,33.5016932
San Juan,-66.116666,18.465299
San Leandro,-122.1560768,37.7249296
San Luis,-114.7737551,32.4934395
San Luis Obispo,-120.6596156,35.2827525
San Marcos,-97.9405828,29.8826436
San Mateo,-122.3066789,37.5439684
San Pablo,-122.3455263,37.9621457
San Rafael,-122.5310874,37.9735346
San Ramon,-121.9780153,37.7799273
Sandusky,-82.7079605,41.4489397
Sandy,-111.838904,40.5664878
Sandy Springs,-84.3785379,33.9242688
Sanford,-79.1802994,35.4798757
Sanger,-119.5559652,36.708006
Santa Barbara,-119.7026673,34.4221319
Santa Cruz,-122.0285259,36.9749416
Santa Fe,-105.9377997,35.6869996
Santa Monica,-118.4965129,34.0250724
Santa Paula,-119.0592705,34.3541659
Santee,-116.9739167,32.8383828
Sapulpa,-96.1049612,36.0005035
Sarasota,-82.5306527,27.3364347
Saratoga,-122.0230146,37.2638324
Saratoga Springs,-73.7853915,43.0821793
Savage,-93.3356204,44.7779041
Sayreville borough,0,0
Schaumburg village,-88.083406,42.0333608
Schenectady,-73.9395687,42.8142432
Schererville town,0,0
Schertz,-98.2695702,29.5641617
Scranton,-75.6621294,41.4086874
Seal Beach,-118.1055926,33.7423967
Searcy,-91.7362488,35.2506406
Seaside,-121.817035888794,36.6258085
SeaTac,-122.2830842,47.4449086
Sebastian,-80.4706078,27.816415
Sedalia,-93.2295515,38.7098314
Seguin,-97.9647269,29.5688411
Selma,-87.0207473,32.4078632
Shaker Heights,-81.5370671,41.4739419
Shakopee,-93.5268986,44.7980186
Shawnee,-94.7202376,39.0416718
Sheboygan,-87.71453,43.7508284
Shelby,-81.5402112,35.2919489
Shelbyville,-85.2235666,38.2120144
Shelton,-73.0931641,41.3164856
Sherman,-96.6097889,33.6360125
Sherwood,-92.2243153,34.8150907
Shoreline,-122.341042732954,47.7558829
Shoreview,-93.1282878,45.0722056
Sidney,-104.155973,47.716735
Sierra Vista,-110.2772249,31.5455709
Sioux City,-96.4058782,42.4966815
Skokie village,-87.7333972,42.0333694
Slidell,-89.7811745,30.2751945
Smyrna,-75.6046494,39.2998339
Smyrna town,-75.6152101447535,42.6900555
Socorro,-106.8930799,34.0572858
Soledad,-121.334740183415,36.4671435
Solon,-81.4412259,41.3897764
Somerville,-71.0994968,42.3875968
South El Monte,-118.0467339,34.0519548
South Elgin village,-88.2922996,41.9941938
South Euclid,-81.5184553,41.5231076
South Gate,-118.200981,33.9463456
South Holland village,-87.6069894,41.6008681
South Jordan,-111.929658,40.5621704
South Lake Tahoe,-119.9843482,38.9332411
South Milwaukee,-87.8606367,42.9105722
South Pasadena,-118.1478291,34.1133062
South Plainfield borough,0,0
South Portland,-70.2408811,43.6414716
South Salt Lake,-111.8882709,40.7074741
South San Francisco,-122.4081251,37.6549493
South St. Paul,-93.0368359,44.8938832
Southaven,-90.0125913,34.9889818
Southfield,-83.2218731,42.4733689
Southgate,-83.2047391078202,42.2062628
Southlake,-97.1341783,32.9412363
Spanish Fork,-111.654923,40.114955
Sparks,-119.7527683,39.5348431
Spartanburg,-81.9320157,34.9498007
Spokane Valley,-117.2613936,47.6571104
Spring Hill,-82.4503732,28.5558273
Spring Valley village,-95.5035529,29.7896722
Springdale,-94.1288142,36.1867442
Springfield,-89.6439575,39.7990175
Springville,-111.6109221,40.1668572
St. Charles,-88.3125302,41.9139516
St. Clair Shores,-82.8890965,42.4969652
St. Cloud,-94.1642004,45.5616075
St. George,-113.5841313,37.104153
St. Joseph,-94.8466322,39.7686055
St. Louis Park,-93.3569023,44.9475726
St. Peters,-90.5958468,38.791612
Stanton,-101.7884642,32.1292891
Starkville,-88.8183872,33.4503998
State College borough,-78.1061057,34.4298897
Statesboro,-81.7832912,32.4490141
Statesville,-80.8872959,35.7826363
Staunton,-79.072557,38.1495947
Stevens Point,-89.574111,44.5229223
Stillwater,-97.0585717,36.1156306
Stockbridge,-73.3203862,42.2875874
Stow,-81.4406258,41.1596261
Streamwood village,-88.1784085,42.0255827
Strongsville,-81.83511,41.3144733
Suffolk,-76.5835703,36.7282096
Sugar Land,-95.6349463,29.6196787
Suisun City,-122.040244,38.2382474
Sulphur,-93.3773783,30.2365943
Summerville town,0,0
Summit,-74.3592296,40.7182356
Sumter,-80.3414693,33.9204354
Sun Prairie,-89.2134359,43.1834579
Sunny Isles Beach,-80.1255338721964,25.939003
Sunrise,-80.3288859410087,26.1482449
Superior,-92.1040796,46.7207737
Sweetwater,-100.4059384,32.4709519
Syracuse,-76.1474244,43.0481221
Tamarac,-80.2710556635621,26.2052115
Tarpon Springs,-82.7438015971791,28.14808295
Taunton,-71.11113,41.8946107
Taylor,-83.2696509,42.240872
Taylorsville,-111.9385867,40.6677096
Temple City,-118.0577568,34.1082994
Temple,-97.3427847,31.098207
Temple Terrace,-82.3892596,28.0352964
Terre Haute,-87.4139119,39.4667025
Texarkana,-94.0430977,33.4254684
Texas City,-94.9027002,29.383845
The Colony,-96.8863922,33.0890094
Thomasville,-80.081817,35.8831786
Tigard,-122.7719339,45.4307473
Tinley Park village,-87.7844944,41.5733669
Titusville,-80.8075538,28.6122187
Tooele,-112.29828,40.5307776
Torrington,-73.1212214,41.8006523
Tracy,-121.4252227,37.7396513
Trenton,-74.7429463,40.2170575
Trotwood,-84.3113334,39.7972788
Troy,-83.1499304,42.6055893
Trussville,-86.6084342,33.6196266
Tualatin,-122.7663518,45.3838546
Tulare,-119.3473421,36.2077351
Tupelo,-88.7033859,34.2576067
Turlock,-120.8465941,37.4946568
Tuscaloosa,-87.5675258,33.2095614
Tustin,-117.826166,33.7458511
Twentynine Palms,-116.0543506,34.1356915
Twin Falls,-114.4603171,42.5704219
Tyler,-95.3010624,32.3512601
Union City,-122.0816297,37.5963232
University City,-90.3103443,38.6569083
University Park,-77.8585662,40.8087493
University Place,-122.540082987796,47.216134
Upland,-117.6483876,34.09751
Upper Arlington,-83.0624078,39.9945084
Urbana,-88.207301,40.1117174
Urbandale,-93.7380624,41.6274552
Utica,-75.2326641,43.1009031
Vacaville,-121.9877444,38.3565773
Valdosta,-83.2784851,30.8327022
Valley Stream village,-73.7056955,40.6631362
Valparaiso,-71.6196749,-33.0458456
Van Buren,-94.35091426896912,35.44441415
Venice,12.3345898,45.4371908
Vernon Hills village,-87.9588928,42.2418873
Vestavia Hills,-86.72567795159247,33.4299071
Vicksburg,-90.8777342,32.3528418
Victoria,144.6780052,-36.5986096
Villa Park village,34.6591677,-1.9344998
Vineland,-75.00202654952167,39.473152
Vista,-60.6719582,2.8208478
Wadsworth,-81.7298519,41.0256101
Wake Forest town,-78.49858013406347,35.942671700000005
Walker,-85.3209686,34.7418605
Walla Walla,-118.3302476,46.0650381
Walnut,-122.0618702,37.9020731
Walnut Creek,-122.0618702,37.9020731
Waltham,-71.2358004,42.3756401
Warner Robins,-83.606568,32.6200973
Warren,-90.6168408,40.8442828
Warwick,152.0327039,-28.2163204
Wasco,-119.3409457,35.5941238
Washington,-77.0365529,38.8948932
Watauga,-81.6863808,36.2228105
Waterloo,-80.524635,43.466874
Watertown,-97.115289,44.899211
Watertown Town,-82.8282674,43.341134
Watsonville,-121.7529071,36.9092773
Waukegan,-87.8447938,42.3636331
Waukesha,-88.2314813,43.0116784
Wausau,-89.6298239,44.9596017
Wauwatosa,-88.0079271,43.0494122
Waxahachie,-96.8439365,32.3944908
Waynesboro,-78.90588765924068,38.0652286
Weatherford,-97.7970748,32.7589648
Webster Groves,-90.3564329,38.592339
Wellington village,-75.7351777,45.3985201
Wenatchee,-120.3103494,47.4234599
Wentzville,-90.8683119,38.8244136
Weslaco,-97.9908429,26.1595156
West Allis,-88.0070315,43.0166806
West Bend,-88.1834277,43.4252776
West Chicago,-88.2039607,41.8847507
West Des Moines,-93.7595281,41.5645337
West Fargo,-96.900362,46.874967
West Haven,-72.9470471,41.2706527
West Hollywood,-118.3692894,34.0923014
West Lafayette,-86.9080655,40.4258686
West Linn,-122.6123141,45.3656761
West Memphis,-90.1845388,35.1464797
West Mifflin borough,-79.8664375,40.3634026
West New York town,-73.80064236276908,41.191221
West Sacramento,-121.530234,38.5804609
West Springfield Town,-72.6203675,42.1070383
Westerville,-82.9295287,40.126139
Westfield,-72.7495381,42.1250929
Westfield town,-82.981851,40.432283
Westlake,-77.44864832416522,25.06497795
Westland,-83.4005321,42.3238056
Westminster,-105.0372046,39.8366528
Westmont village,121.01042348076876,14.4712889
Weston,-2.9778916,51.3471927
Weymouth Town,-81.794299,41.1856098
Wheat Ridge,-105.0772063,39.766098
Wheaton,-88.1101709,41.8646959
Wheeling,-87.92928067299763,42.1250895
Wheeling village,-87.92928067299763,42.1250895
White Bear Lake,-93.0069304,45.0838098
White Plains,-73.7629097,41.0339862
Whittier,-148.6838889,60.7730556
Wildomar,-117.2414989,33.5939372
Wildwood,-90.6314374,38.5806948
Wilkes-Barre,-75.8817316,41.2464824
Williamsport,-77.0027671,41.2493292
Willoughby,151.18365157555556,-33.801595649999996
Wilmette village,-87.7193768,42.0757315
Wilmington,-75.546589,39.7459468
Wilson,-95.7452639,37.5692118
Wilsonville,-122.7681602,45.3099218
Winchester,-1.3131692,51.0612766
Windsor town,-64.1363749,44.9905115
Winona,-91.6392294,44.0500054
Winter Garden,-81.59259746085962,28.5502685
Winter Haven,-81.7328568,28.0222435
Winter Park,-81.34274384364849,28.6000625
Winter Springs,-81.28850955500758,28.693322000000002
Woburn,-71.1522766,42.4792618
Woodburn,-122.8553725,45.143731
Woodbury,-96.0607187,42.3775361
Woodland,-121.7733285,38.6786109
Woodridge village,-88.045559,41.7563344
Woodstock,-1.3545343,51.8474887
Woonsocket,-71.5147839,42.0028761
Wooster,-81.9383187,40.7991766
Wyandotte,-94.767624,39.1090458
Wylie,-96.5388789,33.0151201
Wyoming,-107.5685348,43.1700264
Xenia,-83.9296526,39.6847822
Yakima,-120.5108421,46.601557
Yorba Linda,-117.8249705,33.8901096
York,-74.0060152,40.7127281
Youngstown,-80.6520161,41.1035786
Yuba City,-121.6169108,39.1404477
Yucaipa,-117.05167139190571,34.040931
Yucca Valley town,-116.4140676,34.1234629
Yukon,-136.002502,63.000147
Yuma,-114.6276157,32.6926588
Zanesville,-82.0131924,39.9403453
Zion,-87.8328505,42.4461322
Zionsville town,18.417396,-33.928992
Abilene,-99.7475905,32.44645
Akron,-81.518485,41.083064
Allentown,-75.4712794,40.6022059
Amarillo,-101.8338246,35.2072185
Ann Arbor,-83.7312291,42.2681569
Antioch,-121.805789,38.0049214
Arvada,-105.0811573,39.8005505
Aurora,121.75,16
Berkeley,-122.2728639,37.8708393
Billings,-108.49607,45.7874957
Boulder,-105.2705456,40.0149856
Bridgeport,-73.2048348,41.1670412
Broken Arrow,-95.7908195,36.0525993
Brownsville,-97.4890856,25.9140256
Cambridge,0.1235817,52.2034823
Cape Coral,-81.9806771,26.6059432
Cary town,-90.2452053,44.4940759
Cedar Rapids,-91.6704053,41.9758872
Centennial,-104.91914671658387,39.6021002
Chattanooga,-85.3096801,35.0456297
Clarksville,-87.3588703,36.5277607
Clearwater,-82.8001026,27.9658533
Coral Springs,-80.26534203798758,26.26485615
Corona,-117.5664449,33.8752945
Costa Mesa,-117.903317,33.6633386
Daly City,-122.4726708,37.6904826
Davenport,-90.5776368,41.5236436
Dayton,-84.1916069,39.7589478
Denton,-97.1413417,33.1838787
Downey,-118.1235646,33.942215
El Cajon,-116.9625269,32.7947731
El Monte,-118.036849,34.0751571
Elgin,-88.2810994,42.03726
Elizabeth,25.6207519,-33.9617051
Elk Grove,-87.9706457,42.0041236
Erie,-80.0852695,42.1294712
Escondido,-117.0814849,33.1216751
Eugene,-123.0950506,44.0505054
Evansville,-87.5558483,37.9747645
Fargo,-96.789821,46.877229
Flint,-3.1345262,53.2492828
Fort Collins,-105.0668085,40.5508527
Fort Lauderdale,-80.1433786,26.1223084
Frisco,-96.8236116,33.1506744
Fullerton,-117.9294165,33.8708215
Garden Grove,-117.9463717,33.7746292
Glendale,-112.1859941,33.5386858
Grand Prairie,-97.02846624175038,32.657368000000005
Grand Rapids,-85.6678639,42.9632405
Green Bay,-88.0125794,44.5126379
Gresham,-122.4367058,45.5067406
Hampton,-76.2856365,37.0520315
Hartford,-72.6908547,41.764582
Hayward,-122.0807964,37.6688205
High Point,-80.0053176,35.9556924
Hollywood,-118.3196124,34.093214
Huntington Beach,-118.0000166,33.6783336
Inglewood,-118.353132,33.9562003
Joliet,-88.0840212,41.5263603
Kansas City,-94.5781416,39.100105
Kenosha,-87.8212263,42.5846773
Killeen,-97.727796,31.1171441
Knoxville,-83.9210261,35.9603948
Lansing,-84.5553805,42.7337712
Las Cruces,-106.7798078,32.3140354
Little Rock,-92.2895948,34.7464809
Lowell,-71.3161718,42.6334247
Manchester,-2.2451148,53.4794892
McAllen,-98.230082,26.2043691
McKinney,-96.6154471,33.1976496
Mesquite,-96.599472,32.7666103
Miami Gardens,-80.23975280995532,25.94207545
Miramar,-80.33472128115224,25.975911449999998
Mobile,-88.0430541,30.6943566
Moreno Valley,-117.2305944,33.937517
Murfreesboro,-86.3920452,35.845999
Murrieta,-117.2106564,33.560832
Naperville,-88.1479278,41.7728699
New Haven,-72.9250518,41.3082138
Newport News,-76.4321089,36.9786449
Norman,-97.4394816,35.2225717
North Charleston,-79.9748103,32.8546197
Oceanside,-117.3794834,33.1958696
Odessa,-75.6613184,39.457334
Olathe,-94.81887,38.8838856
Ontario,-86.000977,50.000678
Orange,-117.8704931,33.7500378
Overland Park,-94.6851702,38.9742502
Palm Bay,-80.6429695,28.0331886
Palmdale,-118.1171108,34.5793131
Pasadena,-118.1444779,34.1476452
Paterson,-74.171811,40.9167654
Pembroke Pines,-80.34123906625615,26.02322025
Peoria,-89.5891008,40.6938609
Pomona,-117.7517496,34.0553813
Pompano Beach,-80.1247667,26.2378597
Port St. Lucie,-80.3503283,27.2939333
Providence,-71.4128343,41.8239891
Provo,-111.6585337,40.2338438
Pueblo,-104.609141,38.2544472
Rancho Cucamonga,-117.5751735,34.1033192
Rialto,8.2631084,44.2258176
Richardson,-95.7607517,40.1194651
Rockford,-89.093966,42.2713945
Round Rock,-97.6788934,30.508235
Salinas,-121.6550372,36.6744117
Salt Lake City,-111.8867975,40.7596198
San Buenaventura (Ventura),-119.27791538235294,34.3108215
Santa Clara,-121.9551744,37.3541132
Santa Clarita,-118.542586,34.3916641
Santa Maria,-120.4358577,34.9531295
Santa Rosa,-122.7141049,38.4404925
Savannah,-1.7111234,9.1400654
Simi Valley,-118.781482,34.2694474
Sioux Falls,-96.700327,43.5499749
South Bend,-86.2500066,41.6833813
Stamford,-73.5387341,41.0534302
Sterling Heights,-83.0302033,42.5803122
Sunnyvale,-122.0363496,37.3688301
Surprise,-112.3680189,33.6292271
Tallahassee,-84.2809332,30.4380832
Temecula,-117.1473661,33.4946353
Tempe,-111.9400125,33.4255056
Thornton,-104.9851819,39.8695516
Thousand Oaks,-118.91058772974445,34.17142715
Topeka,-95.677556,39.049011
Torrance,-118.3406288,33.8358492
Vallejo,-122.2566367,38.1040864
Vancouver,-123.1139529,49.2608724
Victorville,-117.2911565,34.5361067
Visalia,-119.2920585,36.3302284
Waco,-97.1466695,31.549333
Waterbury,-73.0438362,41.5538091
West Covina,-117.9389526,34.0686208
West Jordan,-111.9391031,40.6096698
West Palm Beach,-80.0533746,26.7153425
West Valley City,-111.9867271,40.696629
Wichita Falls,-98.4933873,33.9137085
Worcester,-2.2206585,52.1911849
Yonkers,-73.8987469,40.9312099
Albuquerque,-106.6509851,35.0841034
Anaheim,-117.911732,33.8347516
Anchorage municipality,-149.8948523,61.2163129
Arlington,-77.0841585,38.8903961
Atlanta,-84.3901849,33.7490987
Bakersfield,-119.0194639,35.3738712
Baltimore,-76.610759,39.2908816
Baton Rouge,-91.18738,30.4459596
Boise City,-116.24211015377517,43.60081625
Boston,-71.0582912,42.3602534
Buffalo,-78.8783922,42.8867166
Chandler,-111.8413317,33.3062223
Charlotte,-80.8431268,35.2270869
Chesapeake,-76.2466798,36.7183708
Chicago,-87.6244212,41.8755616
Chula Vista,-117.0841955,32.6400541
Cincinnati,-84.5124602,39.1014537
Colorado Springs,-104.8253485,38.8339578
Corpus Christi,-97.4014129,27.7477253
Dallas,-96.7968559,32.7762719
Denver,-104.9848623,39.7392364
Detroit,-83.046640300000007,42.3315509
Durham,-1.5758539,54.7764152
El Paso,-106.4646348,31.7754152
Fontana,-117.435048,34.0922335
Fort Wayne,-85.1386015,41.0799898
Fort Worth,-97.3327459,32.753177
Fresno,-119.70886126075588,36.7295295
Garland,-93.1838539,34.5488944
Gilbert town,-111.7890373,33.3527632
Greensboro,-79.7919754,36.0726355
Hialeah,-80.2781057,25.8575963
Houston,-95.3676974,29.7589382
Indianapolis (balance),-86.1583502,39.7683331
Irvine,-4.6655591,55.6143121
Irving,-96.9442177,32.8295183
Jersey City,-74.0776417,40.7281575
Laredo,-99.4953764,27.5199841
Las Vegas,-115.1485163,36.1672559
Lexington-Fayette urban county,-84.4970393,38.0464066
Los Angeles,-118.2427666,34.0536909
Lubbock,-101.8551665,33.5778631
Memphis,-90.0516285,35.1490215
Mesa,-111.8314773,33.4151117
Miami,-80.1936589,25.7742658
Milwaukee,-87.922497,43.0349931
Minneapolis,-93.2654692,44.9772995
Modesto,-120.9968782,37.6390972
Montgomery,-86.3006485,32.3669656
New Orleans,-90.0701156,29.9499323
New York,-74.0060152,40.7127281
North Las Vegas,-115.1215844,36.2005843
Oakland,-122.2713563,37.8044557
Oklahoma City,-97.5170536,35.4729886
Omaha,-95.9383758,41.2587459
Orlando,-81.3790388,28.5421097
Oxnard,-119.1803818,34.1976308
Philadelphia,-75.1635262,39.9527237
Phoenix,-112.0741417,33.4484367
Pittsburgh,-79.9900861,40.4416941
Plano,-96.6925096,33.0136764
Raleigh,-78.6390989,35.7803977
Reno,-119.8126876,39.5261392
Sacramento,-121.4943996,38.5815719
San Antonio,-98.4951405,29.4246002
San Bernardino,-117.2897652,34.1083449
San Diego,-117.1627714,32.7174209
San Francisco,-122.4199061,37.7790262
San Jose,-121.8905833,37.3361905
Santa Ana,-117.8732213,33.7494951
Scottsdale,-111.9260184,33.4942189
Seattle,-122.3300624,47.6038321
Shreveport,-93.7651944,32.5221828
Spokane,-117.4212265,47.6579425
St. Louis,-90.1994097,38.6268039
St. Paul,-93.1015026,44.9504037
St. Petersburg,-82.6695085,27.7703796
Stockton,-121.2907796,37.9577016
Tacoma,-122.4398746,47.2495798
Tampa,-82.458444,27.9477595
Toledo,-83.5127283,41.6786754
Tucson,-110.9748477,32.2228765
Tulsa,-95.9929113,36.1556805
Urban Honolulu CDP,-6.1202140130225064,53.256689800000004
Virginia Beach,-75.9774183,36.8529841
Wichita,-97.3375448,37.6922361
Winston-Salem,-80.2440518,36.0998131
